{"1322837311607537684": {"1": {"name": "PCL SUPER", "date": "27-03-2025", "participants": [], "started": true, "ended": true, "reserved_slots": 10}, "2": {"name": "GOKULDHAM", "date": "1-1-12", "participants": [1320283953466310719, 1323626275826434119], "started": true, "ended": true}, "3": {"name": "PULKIT CRICKET LEAGUE", "date": "27-3-2025", "participants": [1320283953466310719], "started": true, "ended": true, "reserved_slots": 60}, "4": {"name": "asdaihdau", "date": "289-039-393", "participants": [1320283953466310719], "started": true, "ended": true}, "5": {"name": "TCL_RISHRA", "date": "07-03-2025", "participants": [], "started": false, "ended": true}}, "1325470714303610911": {"1": {"name": "Aryan_testing", "date": "29-092--203", "participants": [], "started": false, "ended": true}, "2": {"name": "TEST_CREATE", "date": "29-03945", "participants": [], "started": true, "ended": true}, "3": {"name": "testuuuuuu", "date": "69-09-89", "participants": [], "started": false, "ended": true}, "4": {"name": "ghhbhjijhnbhjhnbhgvcfcfgvbhjhnb", "date": "6789098765", "participants": [1320283953466310719], "started": true, "ended": true}}} 